{"cameraMode":{"drawMode":0,"name":"Shaded","section":"Shading Mode"},"sceneLighting":true,"audioPlay":false,"sceneViewState":{"m_AlwaysRefresh":false,"showFog":true,"showSkybox":true,"showFlares":true,"showImageEffects":true,"showParticleSystems":true,"showVisualEffectGraphs":true,"m_FxEnabled":true},"in2DMode":false,"pivot":{"x":-2.297457456588745,"y":-1.1011161804199219,"z":20.154878616333009},"rotation":{"x":-0.07343358546495438,"y":-0.004192480817437172,"z":0.00031102568027563393,"w":-0.9972926378250122},"size":15.186216354370118,"orthographic":false}